state,zipcode,n1,numdep,agi,numfarm,taxamt,contrib,elderly,n2
GA,30002,3160,1540,293410000,0,38260000,7069000,860,5640
GA,30004,29380,23460,4454457000,100,735965000,147354000,5490,64590
GA,30005,16370,13600,2263853000,30,349076000,60346000,2700,36680
GA,30008,13130,9980,545868000,0,39553000,8432000,1990,25700
GA,30009,9440,5630,1340722000,0,222907000,38628000,2290,18080
GA,30011,7910,6010,431387000,30,34889000,7071000,1310,16340
GA,30012,11750,9780,498340000,30,36898000,10466000,2240,23960
GA,30013,13020,9610,602511000,0,47884000,15312000,2600,25020
GA,30014,15710,12130,830937000,110,72652000,17412000,3180,31960
GA,30016,24950,20610,1045146000,40,68785000,19661000,3880,50420
GA,30017,11100,8820,789129000,0,81847000,20356000,2450,23440
GA,30019,21730,18060,1628414000,60,169313000,39662000,4120,47410
GA,30021,10390,9200,309698000,0,15024000,2618000,890,21900
GA,30022,30030,21620,4203556000,40,680907000,142699000,6310,62820
GA,30024,36270,30880,4064514000,70,574019000,133158000,6750,81610
GA,30025,4360,3170,286504000,70,28191000,8264000,1140,9120
GA,30028,13030,10210,1096454000,90,120490000,22278000,2690,28660
GA,30030,13510,9100,1810632000,30,281354000,42716000,3050,27450
GA,30032,20080,12450,722956000,0,52907000,10430000,3570,34620
GA,30033,14670,6400,1482040000,30,201380000,25907000,4080,25790
GA,30034,21320,14440,810113000,0,57199000,23015000,4850,37900
GA,30035,10040,7380,331810000,0,19557000,7288000,1800,18260
GA,30038,18740,13820,790471000,0,58805000,26396000,3240,34630
GA,30039,22530,17370,1060677000,0,80246000,24480000,3850,44310
GA,30040,33610,27320,3271947000,100,397313000,75681000,7030,75040
GA,30041,30550,24870,4225415000,100,469849000,109755000,6950,68880
GA,30043,40200,27880,2424745000,40,234782000,55735000,7250,79510
GA,30044,41070,32260,1845116000,20,140051000,28190000,6080,83580
GA,30045,18850,15640,1003452000,0,80375000,22594000,2690,39190
GA,30046,17750,13510,761392000,0,50978000,14837000,2820,34780
GA,30047,29440,22860,1836175000,30,178345000,41244000,6530,62210
GA,30052,32190,25450,1857071000,90,156961000,39415000,6230,67170
GA,30054,5220,3420,315240000,50,30090000,6357000,1420,10390
GA,30055,1480,1090,99062000,70,9291000,1666000,410,3230
GA,30056,1060,810,60969000,30,5055000,1136000,260,2300
GA,30058,26490,20240,963026000,0,61610000,24244000,4000,48920
GA,30060,16010,11950,780531000,0,80094000,15305000,2550,31060
GA,30062,30170,20960,3416994000,50,486321000,97914000,7940,62910
GA,30064,22980,14640,2462130000,50,342192000,95762000,6760,46240
GA,30066,27820,17280,2361406000,40,287516000,46734000,7030,54720
GA,30067,21560,11840,2447635000,30,373883000,126737000,3730,38460
GA,30068,15690,10820,2480910000,40,410934000,89772000,5140,33330
GA,30071,10840,8930,502108000,0,46599000,10365000,1390,22320
GA,30075,25880,17600,3956114000,60,639676000,138365000,7390,53880
GA,30076,20440,12730,2035378000,30,280923000,54857000,4870,39820
GA,30078,17250,12890,1149455000,30,120425000,28823000,4020,35210
GA,30079,1570,1030,67123000,0,5780000,706000,240,2820
GA,30080,25430,12640,2171769000,30,291088000,53067000,3640,44280
GA,30082,13120,7430,1180882000,0,151402000,29839000,2620,24780
GA,30083,25110,18620,847616000,0,53638000,13231000,3900,47380
GA,30084,18270,11660,1108026000,0,113211000,20226000,4030,35060
GA,30087,18410,11560,1245826000,40,135912000,46653000,5180,34590
GA,30088,12570,8900,445132000,0,28426000,9795000,2390,22840
GA,30092,16820,10680,1550956000,0,210632000,51238000,3290,32090
GA,30093,21880,18520,664941000,0,35429000,8331000,2020,44520
GA,30094,14760,9800,821290000,30,72472000,22145000,3780,28310
GA,30096,32580,19890,1888885000,30,201042000,46201000,5730,60360
GA,30097,21740,16040,3437350000,30,579447000,157120000,4610,46340
GA,30101,27980,20410,2378468000,60,287472000,60943000,5820,57910
GA,30102,19560,13010,1145504000,30,105393000,20095000,3750,38510
GA,30103,6210,4610,334104000,150,26939000,5413000,1230,13110
GA,30104,1990,1390,91774000,60,6263000,1009000,410,4040
GA,30105,1110,570,71073000,80,6235000,4822000,340,2110
GA,30106,10200,7220,420386000,0,29785000,6902000,1710,19140
GA,30107,7070,4560,547092000,70,54689000,17694000,1750,14670
GA,30108,3200,2300,165243000,140,12922000,2217000,740,6690
GA,30110,5500,4270,323476000,80,27896000,6672000,1150,11820
GA,30113,2410,1750,120415000,90,9132000,1514000,570,5090
GA,30114,24770,18110,1883264000,80,206001000,44108000,5850,51740
GA,30115,21070,15190,1948521000,130,233426000,49017000,5070,44680
GA,30116,9840,7480,609245000,150,60985000,15857000,2070,20630
GA,30117,13990,10100,755132000,170,70635000,18613000,2800,27610
GA,30120,18560,13570,1154141000,110,111192000,31514000,3940,37530
GA,30121,10000,6950,520721000,40,44591000,10278000,1860,19900
GA,30122,10860,7610,474328000,0,34960000,8713000,1670,20410
GA,30124,1230,740,64718000,70,5208000,743000,360,2440
GA,30125,9400,8060,415153000,180,28460000,6204000,2020,20320
GA,30126,18540,12760,1441815000,20,184909000,45385000,3050,35960
GA,30127,31350,23160,2074303000,60,208704000,54744000,6510,63510
GA,30132,19160,15200,1189259000,50,103948000,20351000,3450,40960
GA,30134,19860,15950,892401000,40,63205000,18751000,2960,40210
GA,30135,30130,22150,1740224000,50,160690000,50130000,5790,60000
GA,30137,740,490,36194000,0,2827000,381000,190,1450
GA,30139,1780,1240,84637000,80,5996000,731000,390,3670
GA,30141,10690,7420,572860000,40,47179000,10134000,1950,21110
GA,30143,11050,5560,811178000,120,85486000,16550000,4070,21460
GA,30144,24540,13840,1456284000,20,140485000,24314000,4460,44120
GA,30145,3420,2550,208792000,90,18901000,5127000,680,7180
GA,30147,1830,1370,81121000,20,5586000,738000,400,3780
GA,30148,320,160,17948000,0,1550000,178000,130,610
GA,30152,20400,14020,2065718000,40,286396000,71058000,4430,41190
GA,30153,7910,5950,372254000,120,27569000,4226000,1590,16400
GA,30157,21910,16090,1218896000,50,98356000,16375000,3700,45250
GA,30161,13780,9870,811000000,170,74871000,40219000,3500,27600
GA,30165,16640,13660,895754000,120,78977000,34614000,3600,35040
GA,30168,11270,9850,396759000,0,23170000,7451000,1260,22540
GA,30170,1290,880,74412000,110,6210000,1592000,320,2690
GA,30171,1550,1100,98756000,60,9044000,2101000,360,3330
GA,30173,2690,1780,133152000,60,9634000,1710000,650,5460
GA,30175,2670,1710,156009000,60,14839000,1416000,670,5430
GA,30176,2750,2050,129802000,70,9323000,1959000,600,5780
GA,30177,280,160,14553000,0,1098000,0,90,530
GA,30178,1760,1220,107212000,60,9336000,2837000,370,3680
GA,30179,7430,5670,375762000,90,27083000,6771000,1260,15770
GA,30180,16550,12240,1052903000,90,105961000,19786000,3330,33850
GA,30182,1080,790,51847000,40,3976000,413000,220,2260
GA,30183,2710,1390,205907000,40,21917000,3322000,1010,5260
GA,30184,3180,2050,235900000,20,26012000,5329000,770,6570
GA,30185,1710,1130,103237000,30,9649000,1695000,400,3480
GA,30187,4190,2830,288470000,40,29624000,6409000,1060,8640
GA,30188,30790,19250,2533396000,60,292525000,54137000,7690,61190
GA,30189,18360,11500,1487717000,30,171530000,33254000,4190,35810
GA,30204,5010,3500,234219000,120,18180000,3789000,1180,9900
GA,30205,1560,1050,178389000,50,23148000,10433000,490,3320
GA,30206,1290,980,76165000,40,6130000,1105000,270,2750
GA,30213,18460,13850,832990000,0,61916000,26328000,2820,34710
GA,30214,15230,9460,1056054000,50,112615000,53470000,4890,29280
GA,30215,16570,11970,1704035000,90,225450000,89917000,4720,34640
GA,30216,840,630,31910000,0,1887000,522000,200,1700
GA,30217,3360,2550,159429000,130,11463000,1748000,690,7050
GA,30218,880,550,45832000,30,4398000,948000,220,1710
GA,30220,2310,1710,111609000,30,9654000,1521000,430,4630
GA,30222,1740,1320,94741000,50,10027000,5871000,430,3510
GA,30223,14950,11130,657334000,90,51289000,11892000,3700,29970
GA,30224,11070,7800,620296000,80,55126000,16539000,2730,22150
GA,30228,21220,17030,986668000,40,73639000,25597000,3390,42490
GA,30230,3600,2810,160866000,50,11118000,3105000,730,7470
GA,30233,9770,6980,533074000,110,45150000,9720000,2270,20040
GA,30234,900,660,40420000,0,2814000,792000,220,1790
GA,30236,21250,16140,1040952000,30,95048000,37147000,4160,41100
GA,30238,17930,15400,607938000,0,33127000,13798000,2650,35500
GA,30240,12140,9170,745275000,120,78454000,20345000,2850,24550
GA,30241,10360,8240,461902000,100,34915000,8908000,1950,20680
GA,30248,12370,9630,727310000,50,61068000,18235000,2170,25740
GA,30251,960,620,44968000,0,3220000,579000,220,1860
GA,30252,21050,16470,1459521000,90,140295000,39058000,4180,44530
GA,30253,27740,20720,1584406000,50,155689000,57786000,4770,54170
GA,30256,1140,810,61244000,30,4815000,698000,250,2380
GA,30257,1950,1320,112748000,60,9633000,1690000,510,4020
GA,30258,1010,820,53133000,40,3852000,727000,230,2260
GA,30259,1710,1040,126482000,40,12624000,4536000,460,3340
GA,30260,11560,9180,378059000,0,21257000,5427000,1720,22520
GA,30263,25310,18130,1660749000,150,172149000,56779000,5220,50790
GA,30265,16570,11170,1334562000,40,152420000,30173000,3960,33560
GA,30268,4830,3520,296550000,50,30892000,10803000,990,9460
GA,30269,17640,12420,2125354000,40,304437000,75210000,5560,37400
GA,30273,8580,6650,320829000,0,19447000,8061000,1250,16270
GA,30274,15220,12620,455077000,0,23089000,8568000,2100,29150
GA,30276,7920,5730,622950000,70,66066000,16149000,1720,16820
GA,30277,10030,6840,856126000,60,96957000,22880000,2510,20990
GA,30281,31560,22140,1554707000,40,126048000,40029000,5980,60480
GA,30285,290,200,16389000,0,1394000,0,60,630
GA,30286,9260,6570,421349000,110,31952000,7671000,2120,18400
GA,30288,3890,3050,136176000,0,7983000,3952000,670,7370
GA,30290,4420,2900,439357000,20,55269000,18837000,1280,9000
GA,30291,10370,8870,345616000,0,18509000,7966000,1410,19980
GA,30292,2670,1950,178222000,60,16135000,5835000,650,5690
GA,30293,1130,800,50593000,30,3595000,785000,320,2230
GA,30294,20090,14870,859565000,0,61363000,28373000,3620,37600
GA,30295,1940,1430,117030000,60,10121000,2182000,440,4070
GA,30296,13120,10010,465189000,0,28267000,11613000,2460,24560
GA,30297,10720,10850,289460000,0,11873000,2987000,1340,23090
GA,30303,1440,400,104046000,0,15072000,3160000,160,1800
GA,30305,14390,5140,4905463000,30,1015733000,322751000,3070,22750
GA,30306,12180,4820,2484956000,40,471787000,107639000,1990,20460
GA,30307,10420,4340,1606401000,0,278719000,51846000,1680,17540
GA,30308,10710,1950,1285124000,0,239237000,20951000,780,13770
GA,30309,17060,3070,3045659000,30,587231000,154347000,2250,22880
GA,30310,11630,7490,402810000,0,29856000,5565000,1620,19900
GA,30311,13750,10260,501525000,0,39364000,15321000,3130,25150
GA,30312,11740,4450,898662000,0,120070000,16693000,840,17770
GA,30313,2020,830,139831000,0,19629000,2472000,160,2940
GA,30314,6470,4600,173645000,0,10113000,2254000,840,11130
GA,30315,12650,10790,470746000,0,40931000,5975000,1400,24320
GA,30316,16670,7200,1181658000,0,146750000,16223000,2080,26920
GA,30317,6660,3220,606045000,0,82154000,8471000,710,11610
GA,30318,23750,12800,1848651000,0,260577000,47754000,2310,39770
GA,30319,20420,9540,4059622000,40,745569000,187775000,4240,36360
GA,30324,15970,4740,1669155000,0,262312000,44763000,2080,23340
GA,30326,4670,810,936998000,0,186635000,45685000,780,6150
GA,30327,11130,7100,6268023000,60,1337066000,621375000,3350,21940
GA,30328,19500,8810,3131190000,50,561720000,129924000,4330,34380
GA,30329,12720,8190,1099973000,0,144164000,57211000,1820,23410
GA,30331,25740,18250,1175006000,0,107121000,41543000,5410,46720
GA,30336,810,510,95355000,0,18084000,4245000,80,1370
GA,30337,4750,3340,214710000,0,21669000,5719000,830,8580
GA,30338,16920,11040,2467689000,30,385527000,74790000,4200,34840
GA,30339,17180,4670,2292826000,30,378506000,102386000,2750,25130
GA,30340,12720,9300,621213000,0,59253000,8147000,1910,25050
GA,30341,14710,8850,1127761000,0,145147000,19042000,2290,27350
GA,30342,14790,9020,3041194000,30,587442000,171824000,2640,27680
GA,30344,14890,10240,584086000,0,43666000,9676000,2560,26670
GA,30345,11440,6910,1346197000,30,210547000,40041000,2560,21850
GA,30346,3190,1000,256108000,0,33906000,2669000,220,4870
GA,30349,35850,27370,1405671000,0,99542000,41678000,5410,66560
GA,30350,17290,7910,2047290000,30,351620000,74951000,3090,28970
GA,30354,6360,5320,215893000,0,14994000,3005000,900,12290
GA,30360,6660,4830,454955000,0,52792000,8036000,1190,13510
GA,30363,1730,320,217596000,0,35148000,5951000,120,2240
GA,30401,5050,4280,206011000,180,15019000,3655000,1140,10560
GA,30410,610,450,30317000,60,2420000,364000,160,1280
GA,30411,920,820,35851000,80,2110000,517000,190,2020
GA,30413,610,420,24031000,50,1464000,383000,180,1190
GA,30415,3120,2430,186067000,130,14071000,2373000,740,6780
GA,30417,3840,3050,180719000,210,16296000,2452000,890,7900
GA,30420,680,480,29466000,70,2068000,769000,180,1410
GA,30421,1200,850,52631000,100,3970000,841000,300,2400
GA,30425,520,420,22475000,70,1488000,156000,110,1110
GA,30426,410,290,17101000,30,1212000,106000,100,790
GA,30427,4120,3450,196978000,280,15785000,3077000,940,8800
GA,30428,810,700,33287000,80,2006000,245000,200,1770
GA,30434,2120,1830,84929000,110,5714000,1930000,540,4390
GA,30436,4270,3640,198284000,250,15464000,6906000,920,9150
GA,30439,3780,3030,167707000,210,12250000,2733000,860,7890
GA,30441,750,610,32423000,80,1953000,378000,190,1620
GA,30442,2910,2180,116406000,220,8064000,1641000,680,5780
GA,30445,1000,790,38965000,60,2465000,510000,210,2090
GA,30446,570,470,25924000,30,1674000,319000,130,1230
GA,30450,1020,870,37696000,60,2098000,399000,230,2170
GA,30452,620,450,29240000,40,2334000,624000,140,1250
GA,30453,2310,2170,97465000,130,5947000,1457000,440,5070
GA,30454,260,210,12723000,30,757000,0,60,580
GA,30455,250,170,11145000,0,805000,0,70,510
GA,30456,750,630,30487000,50,1968000,322000,180,1570
GA,30457,2180,1720,91651000,180,6285000,1362000,500,4480
GA,30458,13670,8590,649649000,210,61691000,14032000,2350,24520
GA,30461,6390,4650,390957000,170,36618000,7593000,1410,13240
GA,30467,4570,3410,219566000,280,18710000,2826000,1160,9330
GA,30470,350,270,19283000,60,1454000,255000,90,770
GA,30471,1590,1300,65516000,120,4346000,754000,360,3370
GA,30473,980,720,45760000,80,3231000,600000,210,2050
GA,30474,5980,4870,306123000,170,26315000,6927000,1380,12500
GA,30477,1180,1030,45953000,40,3435000,853000,260,2440
GA,30501,11740,10500,630482000,30,64478000,16803000,2220,24830
GA,30504,12130,9960,655130000,20,59118000,21126000,2630,25280
GA,30506,20130,12460,1765924000,180,219192000,66111000,5630,40210
GA,30507,12740,12150,557713000,70,38216000,6354000,1840,28330
GA,30510,2700,2060,124799000,50,8630000,1431000,530,5680
GA,30511,1510,1110,74230000,40,5358000,1272000,330,3150
GA,30512,8670,3970,491822000,160,43547000,9030000,3770,16590
GA,30513,5040,2500,307916000,50,31550000,5391000,1850,9610
GA,30516,740,630,32205000,50,1863000,295000,150,1630
GA,30517,7360,5470,733703000,40,100124000,26652000,1530,15720
GA,30518,23550,19300,1730247000,30,192855000,39340000,4120,50830
GA,30519,22850,17790,1606927000,40,162713000,39365000,4010,48280
GA,30520,1670,1260,75795000,150,5390000,572000,390,3530
GA,30521,2110,1470,99062000,220,6912000,867000,510,4330
GA,30522,510,180,34311000,0,3541000,279000,260,950
GA,30523,5720,3170,384829000,160,40171000,8004000,1930,11230
GA,30525,3780,2060,204511000,50,19340000,2618000,1320,7120
GA,30527,2050,1420,138161000,80,13188000,4306000,540,4300
GA,30528,9970,6020,506746000,210,41002000,8876000,2790,19740
GA,30529,5070,3680,255486000,60,19394000,4528000,1030,10310
GA,30530,2730,1910,132000000,120,9499000,2537000,610,5610
GA,30531,4730,3760,230335000,60,18268000,3984000,1070,10010
GA,30533,10540,5610,628374000,130,60550000,9784000,3000,19880
GA,30534,13350,8090,915899000,150,93954000,19992000,3360,26510
GA,30535,3120,1910,163655000,50,13014000,2817000,830,6190
GA,30536,3270,1710,193872000,100,18155000,2508000,1170,6430
GA,30537,630,240,38126000,0,3788000,631000,290,1110
GA,30538,1270,870,55408000,60,3614000,691000,300,2630
GA,30540,7940,4940,426692000,100,38842000,9056000,2610,16020
GA,30541,780,440,44600000,0,4160000,849000,290,1530
GA,30542,17290,11240,1294663000,50,145906000,32486000,3890,34450
GA,30543,2020,1780,95883000,90,6430000,1228000,360,4470
GA,30545,580,210,30055000,0,2757000,232000,210,990
GA,30546,3470,1360,208552000,50,20702000,3495000,1610,6390
GA,30547,1460,970,77118000,100,5990000,1259000,330,3000
GA,30548,9620,6520,834867000,70,91203000,21116000,3140,20520
GA,30549,11350,9260,794136000,170,75253000,15266000,2360,25150
GA,30552,740,360,48842000,0,5497000,915000,280,1370
GA,30553,3260,2140,186406000,130,18040000,3512000,930,6550
GA,30554,3440,2320,185955000,140,15704000,2914000,750,7040
GA,30555,940,490,42423000,0,3269000,271000,290,1750
GA,30557,2020,1230,103416000,110,8853000,1807000,540,4010
GA,30558,2150,1570,106030000,100,8063000,1647000,450,4510
GA,30559,1870,940,104563000,40,9919000,1351000,700,3640
GA,30560,2060,940,112603000,30,10173000,1316000,870,3910
GA,30563,2360,1700,115738000,40,7881000,1821000,550,4890
GA,30564,2120,1180,124131000,50,10609000,2800000,580,4150
GA,30565,2120,1470,103255000,70,7746000,1010000,450,4290
GA,30566,4250,2700,240208000,0,26642000,5378000,890,7980
GA,30567,1780,1310,102330000,50,8373000,1466000,380,3750
GA,30568,880,500,48778000,0,4450000,369000,310,1710
GA,30571,1470,570,102099000,20,9959000,2219000,700,2720
GA,30572,460,180,26236000,0,2508000,190000,230,860
GA,30575,690,520,35553000,30,2693000,443000,130,1470
GA,30576,1110,650,68130000,0,7216000,760000,370,2190
GA,30577,8780,5890,425143000,130,35619000,6840000,2240,17570
GA,30582,2180,880,122948000,30,11204000,1862000,960,4030
GA,30601,8050,5630,320388000,0,23996000,4760000,920,14460
GA,30605,14900,6610,770898000,70,75086000,14883000,2910,24080
GA,30606,18750,10240,1492006000,70,191299000,62159000,4340,33630
GA,30607,4650,3590,254303000,40,24818000,4557000,970,9500
GA,30619,710,410,42551000,30,3660000,426000,220,1390
GA,30620,6480,5280,355369000,30,26582000,5878000,970,13930
GA,30621,2420,2240,262900000,60,34616000,9573000,560,5690
GA,30622,4630,3640,451833000,60,52830000,10114000,1130,10200
GA,30624,1060,740,45346000,80,3003000,472000,280,2190
GA,30625,1130,560,82137000,40,8744000,1628000,410,2170
GA,30627,880,650,38710000,70,2442000,430000,200,1840
GA,30628,3000,2090,156937000,90,12064000,2955000,690,6150
GA,30629,1960,1380,91943000,110,6949000,952000,460,4050
GA,30630,1050,740,45643000,50,3003000,540000,250,2100
GA,30631,580,400,23025000,30,1364000,356000,170,1140
GA,30633,3460,2220,171908000,190,13052000,1717000,840,7020
GA,30634,950,710,42247000,80,2602000,442000,230,2010
GA,30635,6240,4520,275447000,190,23639000,5614000,1570,12490
GA,30641,840,480,59954000,50,5939000,2080000,250,1700
GA,30642,6110,3350,803952000,110,127289000,37451000,2680,11990
GA,30643,6860,4320,373027000,180,34357000,6479000,2140,13380
GA,30646,3300,2430,165302000,80,12868000,3481000,790,6860
GA,30648,1110,740,58725000,60,5007000,1114000,270,2240
GA,30650,5800,4060,472338000,270,45634000,16512000,1560,11760
GA,30655,11210,8720,680119000,130,66555000,18521000,2390,23360
GA,30656,7500,4940,466581000,80,43296000,8764000,1810,15150
GA,30660,380,290,14614000,30,908000,0,110,770
GA,30662,3220,2270,149305000,230,11419000,2401000,720,6590
GA,30663,1400,930,84679000,50,7490000,1541000,380,2860
GA,30666,4450,3220,375059000,60,47035000,11683000,1030,9390
GA,30667,360,230,16402000,30,1133000,186000,90,710
GA,30668,690,410,32956000,50,2409000,340000,210,1330
GA,30669,1230,1020,43990000,30,2315000,559000,240,2530
GA,30673,2980,2130,139934000,190,11091000,2410000,830,5890
GA,30677,9210,6720,1019870000,200,136208000,42880000,2800,19890
GA,30678,490,280,30161000,30,3064000,358000,170,930
GA,30680,19620,14660,992680000,160,77290000,16006000,3620,40340
GA,30683,3410,2000,178466000,70,14564000,4016000,860,6470
GA,30701,15970,13410,817471000,240,65136000,14616000,2920,34400
GA,30705,12600,10470,567686000,180,39414000,7230000,2150,27260
GA,30707,6320,4350,331955000,160,25834000,4883000,1490,13090
GA,30708,150,120,6103000,0,382000,0,30,310
GA,30710,2620,1800,157475000,70,14282000,3255000,650,5440
GA,30711,1390,1000,57729000,60,3350000,312000,240,2890
GA,30720,11010,9020,758446000,40,86195000,35414000,2230,23090
GA,30721,21210,21570,851087000,100,52123000,8174000,3190,48160
GA,30725,1890,1290,107018000,0,9328000,1251000,490,3940
GA,30728,7310,5060,313868000,170,21052000,2696000,1530,14890
GA,30730,710,530,31331000,40,2072000,239000,160,1490
GA,30731,910,540,45451000,40,3289000,215000,280,1790
GA,30733,740,570,31348000,30,1937000,142000,140,1550
GA,30734,1240,900,60404000,70,4466000,443000,260,2650
GA,30735,2380,1950,99983000,80,6394000,668000,420,5150
GA,30736,17970,12180,1101201000,180,98040000,21406000,4240,37250
GA,30738,1480,840,84319000,50,7003000,1096000,460,3000
GA,30739,2370,1610,142483000,60,11518000,2312000,580,5030
GA,30740,3730,2490,291524000,80,39355000,10109000,880,7650
GA,30741,11200,7240,423619000,0,26752000,3188000,2570,21700
GA,30742,3110,1840,126323000,0,7954000,828000,720,5790
GA,30746,540,340,30366000,20,2530000,326000,160,1130
GA,30747,5660,4170,249203000,180,17296000,5183000,1280,11620
GA,30750,1320,880,156412000,0,21505000,7969000,450,2740
GA,30752,3690,2410,169668000,80,11982000,1498000,820,7440
GA,30753,2570,2220,104438000,40,6318000,818000,490,5560
GA,30755,3900,2830,179645000,60,13118000,2489000,770,8040
GA,30757,650,350,31528000,30,2571000,172000,200,1230
GA,30802,2800,1810,245850000,80,28589000,10832000,810,5830
GA,30803,330,220,14411000,30,874000,0,90,670
GA,30805,1110,730,49177000,30,3516000,681000,250,2220
GA,30808,1770,1380,78323000,40,5112000,1052000,380,3690
GA,30809,21800,17070,2079549000,110,246055000,58625000,5600,48240
GA,30810,750,530,34044000,60,2327000,284000,200,1520
GA,30813,18830,16110,1111944000,60,86301000,18680000,2800,42140
GA,30814,3980,2870,214259000,60,16681000,2981000,930,8300
GA,30815,17410,12870,749401000,70,50269000,17976000,4000,34300
GA,30816,750,550,35683000,50,2536000,514000,190,1530
GA,30817,3180,2000,162495000,100,13251000,2926000,990,6230
GA,30818,210,170,11058000,0,730000,0,60,470
GA,30820,410,320,19203000,40,1278000,0,110,880
GA,30821,370,260,16326000,0,1234000,0,110,710
GA,30823,670,460,29695000,50,2180000,492000,170,1310
GA,30824,7200,5550,332245000,150,25916000,6884000,1740,14520
GA,30828,1620,1230,61890000,70,4446000,845000,400,3170
GA,30830,5620,4770,291492000,200,26449000,5628000,1220,11570
GA,30833,1600,1280,63746000,40,4294000,1348000,380,3200
GA,30901,5080,4010,159263000,0,12265000,2474000,1030,9380
GA,30904,9780,6030,526768000,20,57137000,19647000,2100,17390
GA,30905,1840,1470,73152000,0,3610000,436000,70,3930
GA,30906,23630,19010,795779000,40,47552000,12551000,5070,46060
GA,30907,23040,13890,1683465000,70,187752000,49763000,6210,44620
GA,30909,20930,12120,1301060000,60,143068000,44488000,4660,37260
GA,31001,880,650,34641000,90,1976000,477000,250,1800
GA,31002,1050,800,45754000,80,3032000,516000,240,2200
GA,31005,8690,6670,594917000,70,52994000,13058000,1790,18680
GA,31006,1620,1360,72140000,70,5638000,1321000,400,3420
GA,31007,290,240,10970000,0,566000,0,60,590
GA,31008,9050,5870,487776000,100,38211000,10327000,2190,17870
GA,31009,430,330,22609000,40,1476000,430000,120,950
GA,31011,310,220,13270000,40,862000,0,80,620
GA,31012,490,390,20701000,40,1249000,250000,110,1040
GA,31014,4750,3510,237114000,240,18150000,3671000,1260,9830
GA,31015,7080,5610,303641000,180,23089000,6013000,1640,14270
GA,31016,680,400,34558000,40,2612000,541000,190,1300
GA,31017,790,510,38359000,60,2659000,486000,240,1580
GA,31018,460,340,16740000,30,877000,234000,110,900
GA,31019,920,710,49624000,80,3709000,702000,240,1960
GA,31020,850,500,34601000,0,2579000,619000,200,1590
GA,31021,11200,8480,618523000,350,60755000,22388000,2610,22490
GA,31022,690,470,37049000,50,2779000,722000,200,1360
GA,31023,5320,4120,222942000,340,14915000,4234000,1270,10820
GA,31024,8950,5440,587293000,140,64943000,21610000,2920,17290
GA,31025,660,460,42793000,50,3779000,844000,170,1370
GA,31027,3840,3320,137339000,120,7360000,1708000,700,8050
GA,31028,2870,1740,175017000,0,16282000,5334000,810,5500
GA,31029,6890,5090,426728000,160,40099000,10564000,1710,14190
GA,31030,6570,4720,286802000,150,21661000,10981000,1600,12780
GA,31031,2420,1770,102638000,40,6987000,1463000,640,4800
GA,31032,6130,4250,375064000,110,32844000,8163000,1600,12470
GA,31033,970,710,44466000,20,3178000,570000,230,1970
GA,31035,470,340,20808000,40,1322000,276000,130,950
GA,31036,3960,2740,251417000,220,23889000,16515000,1090,7760
GA,31037,950,770,33282000,30,1891000,403000,180,1910
GA,31038,310,190,16329000,20,1206000,206000,100,610
GA,31041,250,200,9153000,0,497000,0,60,510
GA,31042,780,520,30760000,0,1964000,390000,210,1430
GA,31044,1100,810,48714000,40,3536000,988000,300,2170
GA,31046,1400,830,102689000,20,11244000,4199000,410,2770
GA,31047,6800,5400,526176000,80,52276000,13993000,1370,15000
GA,31049,630,490,28935000,90,1844000,391000,170,1390
GA,31050,310,220,12759000,0,736000,0,80,620
GA,31052,4030,2410,250477000,60,23520000,6827000,1250,7910
GA,31054,650,480,28556000,0,1921000,304000,170,1320
GA,31055,1710,1380,73344000,110,5368000,1152000,430,3500
GA,31057,640,470,29124000,40,2143000,538000,190,1250
GA,31058,630,500,24455000,50,1438000,277000,150,1340
GA,31060,570,450,21860000,100,1169000,218000,170,1220
GA,31061,15160,9940,740371000,180,64601000,18207000,4050,28480
GA,31063,1920,1630,74413000,130,4710000,1443000,400,3890
GA,31064,4040,2980,219823000,130,19157000,4101000,1000,8290
GA,31065,470,340,21395000,40,1552000,220000,120,950
GA,31066,440,230,25640000,20,2307000,302000,130,830
GA,31068,1190,920,44151000,50,2555000,641000,280,2340
GA,31069,9740,6840,585701000,140,52942000,18523000,2420,19570
GA,31070,240,150,13629000,40,1075000,0,70,490
GA,31071,430,270,17429000,60,1099000,270000,130,800
GA,31072,460,360,20555000,60,1173000,0,130,1000
GA,31075,1050,790,47088000,40,3014000,377000,210,2190
GA,31076,1140,850,54390000,80,4479000,764000,290,2310
GA,31077,430,320,18106000,80,1209000,0,130,880
GA,31078,1350,1000,55671000,40,3770000,756000,330,2700
GA,31079,1010,810,43653000,120,2787000,759000,270,2150
GA,31082,4230,3280,229805000,180,20428000,7888000,1070,8500
GA,31085,390,320,17604000,0,1259000,0,90,820
GA,31087,3110,2190,123288000,80,8806000,2538000,920,5910
GA,31088,24960,17310,1454124000,90,133235000,28388000,5390,49530
GA,31089,1890,1620,74832000,110,4171000,1234000,410,3920
GA,31090,370,260,15700000,0,946000,0,120,760
GA,31091,1010,760,37359000,60,2114000,581000,270,1980
GA,31092,2040,1480,93380000,120,7234000,2308000,530,4000
GA,31093,11590,8630,465891000,30,34353000,8934000,2590,22520
GA,31094,430,310,19994000,40,1361000,445000,140,870
GA,31096,2260,1790,94223000,250,6237000,1481000,520,4640
GA,31097,550,350,29988000,30,2364000,248000,130,1130
GA,31098,1200,880,46545000,0,2703000,306000,60,2380
GA,31201,2580,1550,121834000,0,13907000,2210000,420,4350
GA,31204,11830,9420,476089000,0,37581000,11803000,2540,22890
GA,31206,9800,9670,243476000,0,9362000,4300000,1530,20080
GA,31210,15380,9740,1460776000,130,197113000,82569000,4430,29620
GA,31211,6670,4750,295051000,30,22321000,8267000,1600,12720
GA,31216,6930,4210,382812000,40,31768000,10479000,2010,13340
GA,31217,6700,5580,220974000,40,11591000,4268000,1470,13490
GA,31220,6490,4190,434916000,50,47281000,16467000,1760,12460
GA,31301,1560,1310,62033000,0,3613000,900000,230,3300
GA,31302,3380,2180,185286000,20,16392000,2096000,780,6680
GA,31303,1000,680,53516000,40,4403000,944000,220,2040
GA,31305,2200,1280,105948000,0,9003000,2009000,670,4100
GA,31308,3400,2660,167937000,40,11664000,1602000,630,7280
GA,31309,360,250,18883000,0,1379000,149000,70,750
GA,31312,9760,8020,620668000,90,50419000,10410000,1710,21760
GA,31313,16510,12630,655947000,40,38486000,10329000,2490,34080
GA,31314,840,30,20251000,0,1063000,0,0,840
GA,31315,2840,3360,111078000,0,3573000,216000,30,7910
GA,31316,4470,4380,202009000,110,11548000,2733000,610,10550
GA,31320,4260,2650,227192000,30,18910000,4525000,1030,8310
GA,31321,2890,2080,145044000,70,10889000,3157000,660,5880
GA,31322,12700,7830,860077000,30,87863000,20309000,2230,24300
GA,31323,780,530,30576000,0,1897000,459000,200,1470
GA,31324,13230,11720,1070458000,60,109607000,35754000,2360,30630
GA,31326,9890,7270,652730000,60,56504000,10658000,1930,20600
GA,31328,1650,450,156474000,0,19727000,4108000,830,2730
GA,31329,3950,2980,223350000,90,17420000,4837000,780,8320
GA,31331,2380,1350,126353000,30,11046000,1849000,750,4560
GA,31401,7220,3080,479058000,0,64669000,12362000,1210,10930
GA,31404,13080,8310,497569000,0,39481000,8098000,2490,22660
GA,31405,15100,9380,981266000,30,112002000,27426000,3540,28170
GA,31406,15300,8960,1048771000,50,123152000,38245000,4110,27980
GA,31407,8670,5810,446361000,0,34711000,6773000,890,16560
GA,31408,3660,2860,126818000,0,8012000,1817000,620,7110
GA,31410,11450,5870,1121918000,40,140740000,50146000,3590,21460
GA,31411,4480,1560,912481000,30,144935000,39417000,2970,8710
GA,31415,4500,3740,115757000,0,5321000,2264000,800,8380
GA,31419,24210,13780,1228454000,40,105151000,26626000,4980,43670
GA,31501,5310,4120,234435000,60,19558000,3366000,1260,10660
GA,31503,7870,5940,341562000,290,23625000,3946000,1850,16440
GA,31510,3590,3060,169790000,360,12828000,1860000,750,7770
GA,31512,700,590,32722000,100,2211000,465000,160,1530
GA,31513,5780,4620,274583000,460,21720000,4470000,1280,12240
GA,31516,5940,4400,321703000,290,28678000,6462000,1350,12470
GA,31518,270,190,13007000,50,877000,151000,70,560
GA,31519,1380,1110,64296000,130,4648000,1342000,310,2930
GA,31520,8240,6360,289469000,0,20943000,5875000,1680,15830
GA,31522,8610,3300,1147091000,70,155343000,54636000,4070,15270
GA,31523,6430,4300,402932000,50,36584000,6817000,1690,13100
GA,31525,12800,8020,616039000,40,48594000,9343000,3000,24170
GA,31527,440,50,43167000,0,5113000,1232000,290,700
GA,31532,250,190,11456000,30,773000,0,70,530
GA,31533,5790,5150,235979000,170,18556000,4483000,1050,12140
GA,31535,4480,3970,206382000,210,16435000,4035000,810,9710
GA,31537,3040,2300,135694000,90,9200000,1554000,690,6290
GA,31539,5090,4620,219481000,260,15380000,6563000,960,11270
GA,31542,950,700,46422000,80,3193000,487000,240,2060
GA,31543,1750,1460,70590000,20,4143000,458000,340,3840
GA,31544,220,190,8431000,30,460000,0,60,500
GA,31545,5810,4760,262111000,110,18617000,5850000,1290,12400
GA,31546,2300,1820,122996000,60,9832000,2474000,560,4940
GA,31548,9380,7110,475259000,30,33603000,7232000,1740,19880
GA,31549,600,530,22241000,40,1275000,206000,150,1280
GA,31550,320,190,14635000,40,1014000,0,70,640
GA,31551,340,230,14089000,60,824000,0,80,690
GA,31552,410,260,21703000,50,2015000,0,100,820
GA,31553,1900,1460,81039000,80,5205000,552000,400,4010
GA,31554,1930,1630,74458000,170,4320000,544000,360,4140
GA,31555,1150,840,62945000,100,4842000,910000,310,2500
GA,31557,1250,960,58781000,90,3940000,587000,290,2690
GA,31558,8920,6040,522140000,20,44436000,6961000,2100,18520
GA,31560,1030,810,50786000,70,3542000,607000,240,2260
GA,31562,590,430,24321000,20,1287000,0,160,1290
GA,31563,500,350,25149000,90,1759000,385000,170,1060
GA,31565,910,460,57514000,20,5427000,876000,290,1700
GA,31566,1230,1040,47691000,0,2753000,278000,230,2680
GA,31567,300,230,12153000,30,682000,0,80,640
GA,31568,410,270,23095000,0,1888000,362000,100,860
GA,31569,2280,1540,132745000,20,10307000,1976000,600,4680
GA,31601,11280,9490,402284000,100,29850000,6450000,1800,22580
GA,31602,13790,9080,788705000,80,88043000,17388000,2860,25940
GA,31605,9700,7000,581555000,60,57271000,10954000,1820,20060
GA,31606,1530,1150,74264000,40,5097000,1118000,350,3250
GA,31620,4040,3240,187993000,120,15397000,2828000,840,8460
GA,31622,750,560,31772000,100,2026000,607000,180,1560
GA,31624,490,420,20582000,50,1383000,207000,80,1070
GA,31625,420,280,19856000,40,1552000,173000,120,830
GA,31626,1320,930,59994000,80,4516000,822000,340,2620
GA,31629,350,230,15583000,30,1167000,0,100,690
GA,31630,170,130,6497000,0,324000,0,50,360
GA,31631,180,120,6950000,0,367000,0,50,350
GA,31632,5360,4390,350378000,190,32734000,9511000,1050,11930
GA,31634,1970,1750,90622000,110,7463000,1589000,410,4310
GA,31635,2300,1850,93713000,90,6074000,823000,400,4930
GA,31636,4180,3020,228019000,140,19972000,3634000,1000,8610
GA,31637,1090,750,46726000,100,3090000,369000,280,2240
GA,31638,340,290,14743000,20,1009000,0,100,740
GA,31639,3850,2910,185127000,190,16283000,1972000,850,8020
GA,31641,820,600,38996000,20,2713000,351000,190,1710
GA,31642,1730,1630,59153000,130,2793000,594000,300,3840
GA,31643,3250,2470,149456000,120,12106000,3613000,760,6530
GA,31645,1740,1470,66886000,40,3685000,506000,320,3780
GA,31647,1270,1120,42637000,40,2288000,253000,220,2730
GA,31648,350,330,11077000,0,551000,0,60,770
GA,31649,250,180,10764000,0,640000,0,60,540
GA,31650,1140,1030,42195000,90,2407000,396000,210,2440
GA,31701,6660,5670,213633000,30,13869000,4938000,1220,13050
GA,31705,10730,9570,331561000,80,17410000,6691000,2160,21840
GA,31707,10150,6980,425860000,40,32409000,10848000,2340,18760
GA,31709,5890,4730,287127000,120,25095000,5931000,1380,11870
GA,31711,290,200,11987000,20,752000,0,80,570
GA,31712,440,260,18669000,30,1056000,210000,90,860
GA,31714,2500,2160,90744000,140,5557000,1183000,530,5160
GA,31716,1130,1000,49850000,40,3099000,749000,260,2420
GA,31719,3340,2920,128120000,70,8685000,2643000,720,6880
GA,31721,8970,5980,688930000,150,80428000,38541000,2800,17520
GA,31730,3550,3010,167486000,180,13623000,4623000,830,7280
GA,31733,660,420,51433000,70,4273000,4023000,200,1340
GA,31735,350,150,21085000,0,1970000,250000,150,620
GA,31738,870,670,47268000,50,4834000,395000,230,1830
GA,31743,220,200,6610000,0,295000,0,50,450
GA,31744,1150,820,55041000,110,4097000,721000,310,2380
GA,31749,860,730,33445000,40,1941000,276000,170,1870
GA,31750,6770,5330,306941000,260,26996000,5421000,1620,13840
GA,31756,380,250,20114000,50,1580000,146000,100,800
GA,31757,4340,3070,243120000,70,20391000,4865000,1140,8870
GA,31763,11590,9270,735995000,200,68368000,20149000,2430,24910
GA,31764,500,300,22467000,30,1759000,195000,150,910
GA,31765,920,820,41081000,60,2621000,335000,240,2040
GA,31768,8120,7040,361378000,180,29895000,8670000,1590,17220
GA,31771,2010,1810,89183000,130,6776000,1390000,390,4480
GA,31772,190,120,7378000,0,435000,0,50,380
GA,31773,1540,1100,77227000,80,6206000,976000,420,3190
GA,31774,2310,1810,95269000,190,5944000,1452000,520,4730
GA,31775,1080,1080,42373000,60,2403000,1115000,190,2490
GA,31778,960,640,42119000,70,2933000,201000,270,1960
GA,31779,2930,2420,117098000,130,7587000,1846000,650,6120
GA,31780,690,490,30949000,30,2346000,335000,200,1380
GA,31781,620,420,25816000,30,1520000,353000,150,1230
GA,31783,410,280,18483000,60,1089000,0,120,860
GA,31784,260,190,11187000,30,675000,0,70,560
GA,31787,580,490,25878000,30,1816000,351000,160,1230
GA,31788,3630,3270,162778000,120,12033000,2646000,760,8000
GA,31789,540,360,23684000,60,1487000,383000,120,1060
GA,31790,710,530,33212000,90,2438000,438000,180,1500
GA,31791,4780,3440,221166000,210,16240000,4614000,1200,9520
GA,31792,9330,6960,565547000,120,63349000,12686000,2320,18510
GA,31793,4130,2810,272192000,160,27251000,12575000,1080,8300
GA,31794,10350,8550,472395000,190,38492000,17923000,2010,21230
GA,31795,870,650,38378000,60,2738000,593000,200,1790
GA,31796,430,240,21672000,20,1807000,149000,140,810
GA,31798,440,320,21968000,70,1774000,403000,110,920
GA,31801,1100,720,52503000,40,4607000,1055000,290,2180
GA,31803,1770,1400,77152000,100,5400000,1096000,420,3690
GA,31804,2640,1670,202626000,30,18581000,4228000,720,5440
GA,31805,1110,790,40677000,0,2254000,458000,270,2220
GA,31806,1680,1460,82492000,100,5777000,1031000,310,3690
GA,31807,1260,890,91448000,0,8606000,1767000,330,2680
GA,31808,3790,2760,352973000,50,44325000,8085000,1000,8200
GA,31811,2510,1800,191996000,50,21139000,5956000,650,5270
GA,31812,200,120,6403000,0,329000,0,50,360
GA,31815,700,520,27803000,30,1923000,391000,190,1390
GA,31816,2090,1580,85202000,40,5587000,2187000,540,4130
GA,31820,5360,3770,497938000,40,57098000,14333000,1440,11480
GA,31822,2470,1530,163741000,80,16924000,3923000,790,4840
GA,31823,340,210,16730000,0,1237000,153000,110,690
GA,31824,590,470,23031000,30,1264000,171000,150,1230
GA,31825,790,580,30879000,40,1811000,370000,200,1560
GA,31826,780,540,34288000,30,2315000,724000,210,1550
GA,31827,760,560,28714000,20,1785000,1167000,210,1460
GA,31829,700,450,58938000,0,6516000,1451000,210,1460
GA,31830,850,510,39968000,30,3092000,814000,270,1610
GA,31831,1530,1190,100756000,40,8874000,1948000,370,3370
GA,31833,2980,2280,149339000,40,12192000,3862000,640,5970
GA,31836,380,190,16284000,30,1080000,313000,130,670
GA,31901,2410,1450,119951000,0,13559000,1804000,370,4200
GA,31903,6990,6730,155585000,0,4908000,935000,1110,14260
GA,31904,13910,9170,1132765000,50,159078000,35010000,3370,26760
GA,31905,4050,4850,178165000,0,6724000,123000,30,11140
GA,31906,8990,6540,505643000,30,57707000,15488000,1970,16810
GA,31907,24740,17420,883224000,0,53122000,18185000,5310,45750
GA,31909,17050,10720,948626000,30,86138000,15869000,3710,32620
GA,39813,750,630,29765000,40,1938000,322000,190,1540
GA,39815,630,520,22553000,0,1234000,481000,140,1270
GA,39817,3940,3350,143743000,80,8085000,2200000,760,8130
GA,39819,4090,3280,215137000,90,19632000,4316000,1020,8480
GA,39823,3250,2800,138807000,180,9872000,1694000,760,6800
GA,39824,140,100,5700000,0,353000,0,30,290
GA,39825,500,380,23410000,30,1535000,188000,130,1050
GA,39826,260,220,11042000,0,809000,0,70,520
GA,39827,1480,1110,70575000,70,5378000,695000,310,3080
GA,39828,5620,4790,241867000,110,17270000,3975000,1280,11810
GA,39834,840,630,48135000,60,4655000,799000,250,1780
GA,39836,160,120,7249000,0,486000,0,60,330
GA,39837,2180,1560,112571000,170,8490000,3790000,610,4480
GA,39840,1710,1420,66452000,70,4038000,1076000,470,3460
GA,39841,310,230,15193000,30,1525000,0,70,600
GA,39842,3110,2560,135010000,130,10088000,4019000,770,6340
GA,39845,2850,2110,136147000,120,11387000,1958000,790,5830
GA,39846,760,640,28121000,50,1615000,282000,170,1570
GA,39851,790,640,29152000,30,1915000,279000,240,1600
GA,39854,830,580,32332000,0,2107000,253000,290,1640
GA,39859,490,320,23921000,40,1903000,367000,140,960
GA,39861,320,190,14571000,40,1036000,0,110,630
GA,39862,490,310,21228000,30,1568000,387000,190,930
GA,39866,180,100,7696000,0,494000,0,50,320
GA,39867,150,90,5435000,0,307000,0,60,280
GA,39870,770,610,33436000,50,1965000,442000,200,1570
GA,39877,160,100,7839000,0,536000,0,60,320
GA,39886,550,410,23856000,40,1685000,278000,120,1060
GA,39897,1310,920,66730000,100,4609000,781000,370,2680